Instance,Terminal,Layer,X location,Y location,Voltage
FILLER_20_125,VPWR,li1,63.0200,62.5600,1.799999
FILLER_20_122,VPWR,li1,61.8700,62.5600,1.799999
FILLER_20_119,VPWR,li1,60.4900,62.5600,1.799999
FILLER_20_116,VPWR,li1,59.1100,62.5600,1.799999
FILLER_20_113,VPWR,li1,57.7300,62.5600,1.799999
FILLER_20_109,VPWR,li1,55.8900,62.5600,1.799999
FILLER_20_106,VPWR,li1,54.5100,62.5600,1.799999
FILLER_20_103,VPWR,li1,53.1300,62.5600,1.799999
FILLER_20_100,VPWR,li1,51.7500,62.5600,1.799999
FILLER_20_97,VPWR,li1,50.3700,62.5600,1.799999
FILLER_20_94,VPWR,li1,48.9900,62.5600,1.799999
FILLER_20_91,VPWR,li1,47.6100,62.5600,1.799999
FILLER_20_88,VPWR,li1,46.2300,62.5600,1.799999
FILLER_20_85,VPWR,li1,44.8500,62.5600,1.799999
FILLER_20_83,VPWR,li1,43.4700,62.5600,1.799999
FILLER_20_80,VPWR,li1,42.5500,62.5600,1.799999
FILLER_20_77,VPWR,li1,41.1700,62.5600,1.799999
FILLER_20_74,VPWR,li1,39.7900,62.5600,1.799999
FILLER_20_63,VPWR,li1,34.7300,62.5600,1.799999
FILLER_20_60,VPWR,li1,33.3500,62.5600,1.799999
FILLER_20_57,VPWR,li1,31.9700,62.5600,1.799999
FILLER_20_53,VPWR,li1,30.1300,62.5600,1.799999
FILLER_20_50,VPWR,li1,28.7500,62.5600,1.799999
FILLER_20_47,VPWR,li1,27.3700,62.5600,1.799999
FILLER_20_44,VPWR,li1,25.9900,62.5600,1.799999
FILLER_20_41,VPWR,li1,24.6100,62.5600,1.799999
FILLER_20_38,VPWR,li1,23.2300,62.5600,1.799999
FILLER_20_35,VPWR,li1,21.8500,62.5600,1.800000
FILLER_20_32,VPWR,li1,20.4700,62.5600,1.800000
FILLER_20_29,VPWR,li1,19.0900,62.5600,1.800000
FILLER_20_27,VPWR,li1,17.7100,62.5600,1.800000
FILLER_20_24,VPWR,li1,16.7900,62.5600,1.800000
FILLER_20_21,VPWR,li1,15.4100,62.5600,1.800000
FILLER_20_18,VPWR,li1,14.0300,62.5600,1.800000
FILLER_20_15,VPWR,li1,12.6500,62.5600,1.800000
FILLER_20_12,VPWR,li1,11.2700,62.5600,1.800000
FILLER_20_9,VPWR,li1,9.8900,62.5600,1.800000
FILLER_20_6,VPWR,li1,8.5100,62.5600,1.800000
FILLER_20_3,VPWR,li1,7.1300,62.5600,1.800000
FILLER_19_125,VPWR,li1,63.0200,57.1200,1.800000
FILLER_19_122,VPWR,li1,61.8700,57.1200,1.800000
FILLER_19_119,VPWR,li1,60.4900,57.1200,1.800000
FILLER_19_116,VPWR,li1,59.1100,57.1200,1.800000
FILLER_19_113,VPWR,li1,57.7300,57.1200,1.800000
FILLER_19_111,VPWR,li1,56.3500,57.1200,1.800000
FILLER_19_108,VPWR,li1,55.4300,57.1200,1.800000
FILLER_19_105,VPWR,li1,54.0500,57.1200,1.800000
FILLER_19_102,VPWR,li1,52.6700,57.1200,1.800000
FILLER_19_99,VPWR,li1,51.2900,57.1200,1.800000
FILLER_19_96,VPWR,li1,49.9100,57.1200,1.800000
FILLER_19_93,VPWR,li1,48.5300,57.1200,1.800000
FILLER_19_90,VPWR,li1,47.1500,57.1200,1.800000
FILLER_19_87,VPWR,li1,45.7700,57.1200,1.800000
FILLER_19_84,VPWR,li1,44.3900,57.1200,1.800000
FILLER_19_81,VPWR,li1,43.0100,57.1200,1.800000
FILLER_19_78,VPWR,li1,41.6300,57.1200,1.800000
FILLER_19_75,VPWR,li1,40.2500,57.1200,1.800000
FILLER_19_72,VPWR,li1,38.8700,57.1200,1.800000
FILLER_19_69,VPWR,li1,37.4900,57.1200,1.800000
FILLER_19_66,VPWR,li1,36.1100,57.1200,1.800000
FILLER_19_63,VPWR,li1,34.7300,57.1200,1.800000
FILLER_19_60,VPWR,li1,33.3500,57.1200,1.800000
FILLER_19_57,VPWR,li1,31.9700,57.1200,1.800000
FILLER_19_54,VPWR,li1,30.3600,57.1200,1.800000
FILLER_19_51,VPWR,li1,29.2100,57.1200,1.800000
FILLER_19_48,VPWR,li1,27.8300,57.1200,1.800000
FILLER_19_45,VPWR,li1,26.4500,57.1200,1.800000
FILLER_19_42,VPWR,li1,25.0700,57.1200,1.800000
FILLER_19_39,VPWR,li1,23.6900,57.1200,1.800000
FILLER_19_36,VPWR,li1,22.3100,57.1200,1.800000
FILLER_19_33,VPWR,li1,20.9300,57.1200,1.800000
FILLER_19_30,VPWR,li1,19.5500,57.1200,1.800000
FILLER_19_27,VPWR,li1,18.1700,57.1200,1.800000
FILLER_19_24,VPWR,li1,16.7900,57.1200,1.800000
FILLER_19_21,VPWR,li1,15.4100,57.1200,1.800000
FILLER_19_18,VPWR,li1,14.0300,57.1200,1.800000
FILLER_19_15,VPWR,li1,12.6500,57.1200,1.800000
FILLER_19_12,VPWR,li1,11.2700,57.1200,1.800000
FILLER_19_9,VPWR,li1,9.8900,57.1200,1.800000
FILLER_19_6,VPWR,li1,8.5100,57.1200,1.800000
FILLER_19_3,VPWR,li1,7.1300,57.1200,1.800000
FILLER_18_124,VPWR,li1,62.7900,57.1200,1.800000
FILLER_18_121,VPWR,li1,61.4100,57.1200,1.800000
FILLER_18_118,VPWR,li1,60.0300,57.1200,1.800000
FILLER_18_115,VPWR,li1,58.6500,57.1200,1.800000
FILLER_18_112,VPWR,li1,57.2700,57.1200,1.800000
FILLER_18_109,VPWR,li1,55.8900,57.1200,1.800000
FILLER_18_106,VPWR,li1,54.5100,57.1200,1.800000
FILLER_18_103,VPWR,li1,53.1300,57.1200,1.800000
FILLER_18_100,VPWR,li1,51.7500,57.1200,1.800000
FILLER_18_97,VPWR,li1,50.3700,57.1200,1.800000
FILLER_18_94,VPWR,li1,48.9900,57.1200,1.800000
FILLER_18_91,VPWR,li1,47.6100,57.1200,1.800000
FILLER_18_88,VPWR,li1,46.2300,57.1200,1.800000
FILLER_18_85,VPWR,li1,44.8500,57.1200,1.800000
FILLER_18_83,VPWR,li1,43.4700,57.1200,1.800000
FILLER_18_80,VPWR,li1,42.5500,57.1200,1.800000
FILLER_18_77,VPWR,li1,41.1700,57.1200,1.800000
FILLER_18_74,VPWR,li1,39.7900,57.1200,1.800000
FILLER_18_71,VPWR,li1,38.4100,57.1200,1.800000
FILLER_18_68,VPWR,li1,37.0300,57.1200,1.800000
FILLER_18_65,VPWR,li1,35.6500,57.1200,1.800000
FILLER_18_62,VPWR,li1,34.2700,57.1200,1.800000
FILLER_18_59,VPWR,li1,32.8900,57.1200,1.800000
FILLER_18_56,VPWR,li1,31.5100,57.1200,1.800000
FILLER_18_53,VPWR,li1,30.1300,57.1200,1.800000
FILLER_18_50,VPWR,li1,28.7500,57.1200,1.800000
FILLER_18_47,VPWR,li1,27.3700,57.1200,1.800000
FILLER_18_44,VPWR,li1,25.9900,57.1200,1.800000
FILLER_18_41,VPWR,li1,24.6100,57.1200,1.800000
FILLER_18_38,VPWR,li1,23.2300,57.1200,1.800000
FILLER_18_35,VPWR,li1,21.8500,57.1200,1.800000
FILLER_18_32,VPWR,li1,20.4700,57.1200,1.800000
FILLER_18_29,VPWR,li1,19.0900,57.1200,1.800000
FILLER_18_27,VPWR,li1,17.7100,57.1200,1.800000
FILLER_18_24,VPWR,li1,16.7900,57.1200,1.800000
FILLER_18_21,VPWR,li1,15.4100,57.1200,1.800000
FILLER_18_18,VPWR,li1,14.0300,57.1200,1.800000
FILLER_18_15,VPWR,li1,12.6500,57.1200,1.800000
FILLER_18_12,VPWR,li1,11.2700,57.1200,1.800000
FILLER_18_9,VPWR,li1,9.8900,57.1200,1.800000
FILLER_18_6,VPWR,li1,8.5100,57.1200,1.800000
FILLER_18_3,VPWR,li1,7.1300,57.1200,1.800000
FILLER_17_125,VPWR,li1,63.0200,51.6800,1.800000
FILLER_17_122,VPWR,li1,61.8700,51.6800,1.800000
FILLER_17_119,VPWR,li1,60.4900,51.6800,1.800000
FILLER_17_116,VPWR,li1,59.1100,51.6800,1.800000
FILLER_17_113,VPWR,li1,57.7300,51.6800,1.800000
FILLER_17_111,VPWR,li1,56.3500,51.6800,1.800000
FILLER_17_108,VPWR,li1,55.4300,51.6800,1.800000
FILLER_17_105,VPWR,li1,54.0500,51.6800,1.800000
FILLER_17_102,VPWR,li1,52.6700,51.6800,1.800000
FILLER_17_99,VPWR,li1,51.2900,51.6800,1.800000
FILLER_17_96,VPWR,li1,49.9100,51.6800,1.800000
FILLER_17_93,VPWR,li1,48.5300,51.6800,1.800000
FILLER_17_90,VPWR,li1,47.1500,51.6800,1.800000
FILLER_17_87,VPWR,li1,45.7700,51.6800,1.800000
FILLER_17_84,VPWR,li1,44.3900,51.6800,1.800000
FILLER_17_81,VPWR,li1,43.0100,51.6800,1.800000
FILLER_17_78,VPWR,li1,41.6300,51.6800,1.800000
FILLER_17_75,VPWR,li1,40.2500,51.6800,1.800000
FILLER_17_72,VPWR,li1,38.8700,51.6800,1.800000
FILLER_17_69,VPWR,li1,37.4900,51.6800,1.800000
FILLER_17_66,VPWR,li1,36.1100,51.6800,1.800000
FILLER_17_63,VPWR,li1,34.7300,51.6800,1.800000
FILLER_17_60,VPWR,li1,33.3500,51.6800,1.800000
FILLER_17_57,VPWR,li1,31.9700,51.6800,1.800000
FILLER_17_54,VPWR,li1,30.3600,51.6800,1.800000
FILLER_17_51,VPWR,li1,29.2100,51.6800,1.800000
FILLER_17_48,VPWR,li1,27.8300,51.6800,1.800000
FILLER_17_45,VPWR,li1,26.4500,51.6800,1.800000
FILLER_17_42,VPWR,li1,25.0700,51.6800,1.800000
FILLER_17_39,VPWR,li1,23.6900,51.6800,1.800000
FILLER_17_36,VPWR,li1,22.3100,51.6800,1.800000
FILLER_17_33,VPWR,li1,20.9300,51.6800,1.800000
FILLER_17_30,VPWR,li1,19.5500,51.6800,1.800000
FILLER_17_27,VPWR,li1,18.1700,51.6800,1.800000
FILLER_17_24,VPWR,li1,16.7900,51.6800,1.800000
FILLER_17_21,VPWR,li1,15.4100,51.6800,1.800000
FILLER_17_18,VPWR,li1,14.0300,51.6800,1.800000
FILLER_17_15,VPWR,li1,12.6500,51.6800,1.800000
FILLER_17_12,VPWR,li1,11.2700,51.6800,1.800000
FILLER_17_9,VPWR,li1,9.8900,51.6800,1.800000
FILLER_17_6,VPWR,li1,8.5100,51.6800,1.800000
FILLER_17_3,VPWR,li1,7.1300,51.6800,1.800000
FILLER_16_124,VPWR,li1,62.7900,51.6800,1.800000
FILLER_16_121,VPWR,li1,61.4100,51.6800,1.800000
FILLER_16_118,VPWR,li1,60.0300,51.6800,1.800000
FILLER_16_115,VPWR,li1,58.6500,51.6800,1.800000
FILLER_16_112,VPWR,li1,57.2700,51.6800,1.800000
FILLER_16_109,VPWR,li1,55.8900,51.6800,1.800000
FILLER_16_106,VPWR,li1,54.5100,51.6800,1.800000
FILLER_16_103,VPWR,li1,53.1300,51.6800,1.800000
FILLER_16_100,VPWR,li1,51.7500,51.6800,1.800000
FILLER_16_97,VPWR,li1,50.3700,51.6800,1.800000
FILLER_16_94,VPWR,li1,48.9900,51.6800,1.800000
FILLER_16_91,VPWR,li1,47.6100,51.6800,1.800000
FILLER_16_88,VPWR,li1,46.2300,51.6800,1.800000
FILLER_16_85,VPWR,li1,44.8500,51.6800,1.800000
FILLER_16_83,VPWR,li1,43.4700,51.6800,1.800000
FILLER_16_80,VPWR,li1,42.5500,51.6800,1.800000
FILLER_16_77,VPWR,li1,41.1700,51.6800,1.800000
FILLER_16_74,VPWR,li1,39.7900,51.6800,1.800000
FILLER_16_71,VPWR,li1,38.4100,51.6800,1.800000
FILLER_16_68,VPWR,li1,37.0300,51.6800,1.800000
FILLER_16_65,VPWR,li1,35.6500,51.6800,1.800000
FILLER_16_62,VPWR,li1,34.2700,51.6800,1.800000
FILLER_16_59,VPWR,li1,32.8900,51.6800,1.800000
FILLER_16_56,VPWR,li1,31.5100,51.6800,1.800000
FILLER_16_53,VPWR,li1,30.1300,51.6800,1.800000
FILLER_16_50,VPWR,li1,28.7500,51.6800,1.800000
FILLER_16_47,VPWR,li1,27.3700,51.6800,1.800000
FILLER_16_44,VPWR,li1,25.9900,51.6800,1.800000
FILLER_16_41,VPWR,li1,24.6100,51.6800,1.800000
FILLER_16_38,VPWR,li1,23.2300,51.6800,1.800000
FILLER_16_35,VPWR,li1,21.8500,51.6800,1.800000
FILLER_16_32,VPWR,li1,20.4700,51.6800,1.800000
FILLER_16_29,VPWR,li1,19.0900,51.6800,1.800000
FILLER_16_27,VPWR,li1,17.7100,51.6800,1.800000
FILLER_16_24,VPWR,li1,16.7900,51.6800,1.800000
FILLER_16_21,VPWR,li1,15.4100,51.6800,1.800000
FILLER_16_18,VPWR,li1,14.0300,51.6800,1.800000
FILLER_16_15,VPWR,li1,12.6500,51.6800,1.800000
FILLER_16_12,VPWR,li1,11.2700,51.6800,1.800000
FILLER_16_9,VPWR,li1,9.8900,51.6800,1.800000
FILLER_16_6,VPWR,li1,8.5100,51.6800,1.800000
FILLER_16_3,VPWR,li1,7.1300,51.6800,1.800000
FILLER_15_125,VPWR,li1,63.0200,46.2400,1.799996
FILLER_15_122,VPWR,li1,61.8700,46.2400,1.799996
FILLER_15_119,VPWR,li1,60.4900,46.2400,1.799996
FILLER_15_116,VPWR,li1,59.1100,46.2400,1.799996
FILLER_15_113,VPWR,li1,57.7300,46.2400,1.799996
FILLER_15_111,VPWR,li1,56.3500,46.2400,1.799996
FILLER_15_108,VPWR,li1,55.4300,46.2400,1.799996
FILLER_15_105,VPWR,li1,54.0500,46.2400,1.799996
FILLER_15_102,VPWR,li1,52.6700,46.2400,1.799996
FILLER_15_99,VPWR,li1,51.2900,46.2400,1.799996
FILLER_15_96,VPWR,li1,49.9100,46.2400,1.799996
FILLER_15_93,VPWR,li1,48.5300,46.2400,1.799996
FILLER_15_90,VPWR,li1,47.1500,46.2400,1.799996
FILLER_15_87,VPWR,li1,45.7700,46.2400,1.799996
FILLER_15_84,VPWR,li1,44.3900,46.2400,1.799997
FILLER_15_81,VPWR,li1,43.0100,46.2400,1.799997
FILLER_15_78,VPWR,li1,41.6300,46.2400,1.799997
FILLER_15_75,VPWR,li1,40.2500,46.2400,1.799997
FILLER_15_72,VPWR,li1,38.8700,46.2400,1.799997
FILLER_15_69,VPWR,li1,37.4900,46.2400,1.799997
FILLER_15_66,VPWR,li1,36.1100,46.2400,1.799997
FILLER_15_63,VPWR,li1,34.7300,46.2400,1.799997
FILLER_15_60,VPWR,li1,33.3500,46.2400,1.799997
FILLER_15_57,VPWR,li1,31.9700,46.2400,1.799997
FILLER_15_53,VPWR,li1,30.1300,46.2400,1.799997
FILLER_15_50,VPWR,li1,28.7500,46.2400,1.799997
FILLER_15_47,VPWR,li1,27.3700,46.2400,1.799997
FILLER_15_44,VPWR,li1,25.9900,46.2400,1.799997
FILLER_15_41,VPWR,li1,24.6100,46.2400,1.799998
FILLER_15_38,VPWR,li1,23.2300,46.2400,1.799998
FILLER_15_35,VPWR,li1,21.8500,46.2400,1.799998
FILLER_15_32,VPWR,li1,20.4700,46.2400,1.799998
FILLER_15_29,VPWR,li1,19.0900,46.2400,1.799997
FILLER_15_26,VPWR,li1,17.7100,46.2400,1.799997
FILLER_15_23,VPWR,li1,16.3300,46.2400,1.799997
FILLER_15_20,VPWR,li1,14.9500,46.2400,1.799997
FILLER_15_17,VPWR,li1,13.5700,46.2400,1.799997
FILLER_15_14,VPWR,li1,12.1900,46.2400,1.799996
FILLER_15_11,VPWR,li1,10.8100,46.2400,1.799996
FILLER_14_126,VPWR,li1,63.2500,46.2400,1.799996
FILLER_14_123,VPWR,li1,62.3300,46.2400,1.799996
FILLER_14_120,VPWR,li1,60.9500,46.2400,1.799996
FILLER_14_117,VPWR,li1,59.5700,46.2400,1.799996
FILLER_14_114,VPWR,li1,58.1900,46.2400,1.799996
FILLER_14_111,VPWR,li1,56.8100,46.2400,1.799996
FILLER_14_108,VPWR,li1,55.4300,46.2400,1.799996
FILLER_14_105,VPWR,li1,54.0500,46.2400,1.799996
FILLER_14_102,VPWR,li1,52.6700,46.2400,1.799996
FILLER_14_99,VPWR,li1,51.2900,46.2400,1.799996
FILLER_14_96,VPWR,li1,49.9100,46.2400,1.799996
FILLER_14_93,VPWR,li1,48.5300,46.2400,1.799996
FILLER_14_83,VPWR,li1,43.4700,46.2400,1.799997
FILLER_14_80,VPWR,li1,42.5500,46.2400,1.799997
FILLER_14_77,VPWR,li1,41.1700,46.2400,1.799997
FILLER_14_74,VPWR,li1,39.7900,46.2400,1.799997
FILLER_14_71,VPWR,li1,38.4100,46.2400,1.799997
FILLER_14_68,VPWR,li1,37.0300,46.2400,1.799997
FILLER_14_65,VPWR,li1,35.6500,46.2400,1.799997
FILLER_14_62,VPWR,li1,34.2700,46.2400,1.799997
FILLER_14_59,VPWR,li1,32.8900,46.2400,1.799997
FILLER_14_56,VPWR,li1,31.5100,46.2400,1.799997
FILLER_14_53,VPWR,li1,30.1300,46.2400,1.799997
FILLER_14_50,VPWR,li1,28.7500,46.2400,1.799997
FILLER_14_47,VPWR,li1,27.3700,46.2400,1.799997
FILLER_14_44,VPWR,li1,25.9900,46.2400,1.799997
FILLER_14_41,VPWR,li1,24.6100,46.2400,1.799998
FILLER_14_38,VPWR,li1,23.2300,46.2400,1.799998
FILLER_14_35,VPWR,li1,21.8500,46.2400,1.799998
FILLER_14_32,VPWR,li1,20.4700,46.2400,1.799998
FILLER_14_29,VPWR,li1,19.0900,46.2400,1.799997
FILLER_14_26,VPWR,li1,17.4800,46.2400,1.799997
FILLER_14_23,VPWR,li1,16.3300,46.2400,1.799997
FILLER_14_20,VPWR,li1,14.9500,46.2400,1.799997
FILLER_14_17,VPWR,li1,13.5700,46.2400,1.799997
FILLER_14_14,VPWR,li1,12.1900,46.2400,1.799996
FILLER_14_11,VPWR,li1,10.8100,46.2400,1.799996
FILLER_13_116,VPWR,li1,59.1100,40.8000,1.799860
FILLER_13_113,VPWR,li1,57.7300,40.8000,1.799860
FILLER_13_110,VPWR,li1,56.1200,40.8000,1.799861
FILLER_13_107,VPWR,li1,54.9700,40.8000,1.799861
FILLER_13_84,VPWR,li1,44.3900,40.8000,1.799884
FILLER_13_81,VPWR,li1,43.0100,40.8000,1.799884
FILLER_13_78,VPWR,li1,41.6300,40.8000,1.799893
FILLER_13_75,VPWR,li1,40.2500,40.8000,1.799893
FILLER_13_72,VPWR,li1,38.8700,40.8000,1.799902
FILLER_13_69,VPWR,li1,37.4900,40.8000,1.799902
FILLER_13_60,VPWR,li1,33.3500,40.8000,1.799921
FILLER_13_57,VPWR,li1,31.9700,40.8000,1.799921
FILLER_13_53,VPWR,li1,30.1300,40.8000,1.799928
FILLER_13_50,VPWR,li1,28.7500,40.8000,1.799934
FILLER_13_47,VPWR,li1,27.3700,40.8000,1.799943
FILLER_13_44,VPWR,li1,25.9900,40.8000,1.799943
FILLER_13_41,VPWR,li1,24.6100,40.8000,1.799952
FILLER_13_38,VPWR,li1,23.2300,40.8000,1.799952
FILLER_13_35,VPWR,li1,21.8500,40.8000,1.799962
FILLER_13_32,VPWR,li1,20.4700,40.8000,1.799962
FILLER_13_29,VPWR,li1,19.0900,40.8000,1.799962
FILLER_13_26,VPWR,li1,17.7100,40.8000,1.799961
FILLER_13_23,VPWR,li1,16.3300,40.8000,1.799961
FILLER_13_20,VPWR,li1,14.9500,40.8000,1.799961
FILLER_13_17,VPWR,li1,13.5700,40.8000,1.799961
FILLER_13_14,VPWR,li1,12.1900,40.8000,1.799960
FILLER_13_11,VPWR,li1,10.8100,40.8000,1.799960
FILLER_12_124,VPWR,li1,62.7900,40.8000,1.799860
FILLER_12_121,VPWR,li1,61.4100,40.8000,1.799860
FILLER_12_118,VPWR,li1,60.0300,40.8000,1.799860
FILLER_12_115,VPWR,li1,58.6500,40.8000,1.799860
FILLER_12_112,VPWR,li1,57.2700,40.8000,1.799860
FILLER_12_109,VPWR,li1,55.8900,40.8000,1.799861
FILLER_12_106,VPWR,li1,54.5100,40.8000,1.799861
FILLER_12_88,VPWR,li1,45.7700,40.8000,1.799877
FILLER_12_85,VPWR,li1,44.8500,40.8000,1.799877
FILLER_12_81,VPWR,li1,43.0100,40.8000,1.799884
FILLER_12_78,VPWR,li1,41.6300,40.8000,1.799893
FILLER_12_52,VPWR,li1,29.6700,40.8000,1.799934
FILLER_12_49,VPWR,li1,28.2900,40.8000,1.799934
FILLER_12_46,VPWR,li1,26.9100,40.8000,1.799943
FILLER_12_35,VPWR,li1,21.8500,40.8000,1.799962
FILLER_12_32,VPWR,li1,20.4700,40.8000,1.799962
FILLER_12_29,VPWR,li1,19.0900,40.8000,1.799962
FILLER_12_26,VPWR,li1,17.4800,40.8000,1.799961
FILLER_12_23,VPWR,li1,16.3300,40.8000,1.799961
FILLER_12_20,VPWR,li1,14.9500,40.8000,1.799961
FILLER_12_17,VPWR,li1,13.5700,40.8000,1.799961
FILLER_11_125,VPWR,li1,63.0200,35.3600,1.799963
FILLER_11_122,VPWR,li1,61.8700,35.3600,1.799963
FILLER_11_119,VPWR,li1,60.4900,35.3600,1.799963
FILLER_11_116,VPWR,li1,59.1100,35.3600,1.799963
FILLER_11_113,VPWR,li1,57.7300,35.3600,1.799963
FILLER_11_109,VPWR,li1,55.8900,35.3600,1.799963
FILLER_11_106,VPWR,li1,54.5100,35.3600,1.799963
FILLER_11_88,VPWR,li1,45.7700,35.3600,1.799966
FILLER_11_79,VPWR,li1,41.6300,35.3600,1.799970
FILLER_11_76,VPWR,li1,40.7100,35.3600,1.799972
FILLER_11_73,VPWR,li1,39.3300,35.3600,1.799972
FILLER_11_63,VPWR,li1,34.2700,35.3600,1.799978
FILLER_11_60,VPWR,li1,33.3500,35.3600,1.799978
FILLER_11_57,VPWR,li1,31.9700,35.3600,1.799979
FILLER_11_54,VPWR,li1,30.3600,35.3600,1.799981
FILLER_11_51,VPWR,li1,29.2100,35.3600,1.799981
FILLER_11_33,VPWR,li1,20.7000,35.3600,1.799989
FILLER_11_30,VPWR,li1,19.5500,35.3600,1.799989
FILLER_11_27,VPWR,li1,18.1700,35.3600,1.799989
FILLER_11_24,VPWR,li1,16.7900,35.3600,1.799989
FILLER_11_21,VPWR,li1,15.4100,35.3600,1.799989
FILLER_11_18,VPWR,li1,14.0300,35.3600,1.799989
FILLER_11_15,VPWR,li1,12.6500,35.3600,1.799989
FILLER_11_12,VPWR,li1,11.2700,35.3600,1.799989
FILLER_11_9,VPWR,li1,9.8900,35.3600,1.799989
FILLER_11_6,VPWR,li1,8.5100,35.3600,1.799989
FILLER_11_3,VPWR,li1,7.1300,35.3600,1.799989
FILLER_10_125,VPWR,li1,63.0200,35.3600,1.799963
FILLER_10_122,VPWR,li1,61.8700,35.3600,1.799963
FILLER_10_119,VPWR,li1,60.4900,35.3600,1.799963
FILLER_10_116,VPWR,li1,59.1100,35.3600,1.799963
FILLER_10_113,VPWR,li1,57.7300,35.3600,1.799963
FILLER_10_110,VPWR,li1,56.3500,35.3600,1.799963
FILLER_10_107,VPWR,li1,54.9700,35.3600,1.799963
FILLER_10_104,VPWR,li1,53.5900,35.3600,1.799963
FILLER_10_101,VPWR,li1,52.2100,35.3600,1.799963
FILLER_10_83,VPWR,li1,43.4700,35.3600,1.799968
FILLER_10_80,VPWR,li1,42.5500,35.3600,1.799970
FILLER_10_77,VPWR,li1,41.1700,35.3600,1.799970
FILLER_10_74,VPWR,li1,39.7900,35.3600,1.799972
FILLER_10_71,VPWR,li1,38.4100,35.3600,1.799974
FILLER_10_68,VPWR,li1,37.0300,35.3600,1.799974
FILLER_10_65,VPWR,li1,35.6500,35.3600,1.799976
FILLER_10_62,VPWR,li1,34.2700,35.3600,1.799978
FILLER_10_59,VPWR,li1,32.8900,35.3600,1.799978
FILLER_10_56,VPWR,li1,31.5100,35.3600,1.799979
FILLER_10_53,VPWR,li1,30.1300,35.3600,1.799981
FILLER_10_50,VPWR,li1,28.7500,35.3600,1.799983
FILLER_10_47,VPWR,li1,27.3700,35.3600,1.799983
FILLER_10_44,VPWR,li1,25.9900,35.3600,1.799985
FILLER_10_41,VPWR,li1,24.6100,35.3600,1.799987
FILLER_10_38,VPWR,li1,23.2300,35.3600,1.799987
FILLER_10_35,VPWR,li1,21.8500,35.3600,1.799989
FILLER_10_32,VPWR,li1,20.4700,35.3600,1.799989
FILLER_10_29,VPWR,li1,19.0900,35.3600,1.799989
FILLER_10_27,VPWR,li1,17.7100,35.3600,1.799989
FILLER_10_24,VPWR,li1,16.7900,35.3600,1.799989
FILLER_10_21,VPWR,li1,15.4100,35.3600,1.799989
FILLER_10_18,VPWR,li1,14.0300,35.3600,1.799989
FILLER_10_15,VPWR,li1,12.6500,35.3600,1.799989
FILLER_10_12,VPWR,li1,11.2700,35.3600,1.799989
FILLER_10_9,VPWR,li1,9.8900,35.3600,1.799989
FILLER_10_6,VPWR,li1,8.5100,35.3600,1.799989
FILLER_10_3,VPWR,li1,7.1300,35.3600,1.799989
FILLER_9_116,VPWR,li1,59.1100,29.9200,1.799844
FILLER_9_113,VPWR,li1,57.7300,29.9200,1.799845
FILLER_9_90,VPWR,li1,46.9200,29.9200,1.799868
FILLER_9_87,VPWR,li1,45.7700,29.9200,1.799868
FILLER_9_84,VPWR,li1,44.3900,29.9200,1.799875
FILLER_9_81,VPWR,li1,43.0100,29.9200,1.799883
FILLER_9_78,VPWR,li1,41.6300,29.9200,1.799883
FILLER_9_75,VPWR,li1,40.2500,29.9200,1.799894
FILLER_9_72,VPWR,li1,38.8700,29.9200,1.799894
FILLER_9_69,VPWR,li1,37.4900,29.9200,1.799904
FILLER_9_66,VPWR,li1,36.1100,29.9200,1.799904
FILLER_9_63,VPWR,li1,34.7300,29.9200,1.799913
FILLER_9_60,VPWR,li1,33.3500,29.9200,1.799920
FILLER_9_57,VPWR,li1,31.9700,29.9200,1.799920
FILLER_9_54,VPWR,li1,30.3600,29.9200,1.799928
FILLER_9_51,VPWR,li1,29.2100,29.9200,1.799935
FILLER_9_48,VPWR,li1,27.8300,29.9200,1.799935
FILLER_9_45,VPWR,li1,26.4500,29.9200,1.799943
FILLER_9_42,VPWR,li1,25.0700,29.9200,1.799951
FILLER_9_39,VPWR,li1,23.6900,29.9200,1.799951
FILLER_9_36,VPWR,li1,22.3100,29.9200,1.799961
FILLER_9_33,VPWR,li1,20.9300,29.9200,1.799961
FILLER_9_30,VPWR,li1,19.5500,29.9200,1.799961
FILLER_9_27,VPWR,li1,18.1700,29.9200,1.799961
FILLER_9_24,VPWR,li1,16.7900,29.9200,1.799961
FILLER_9_21,VPWR,li1,15.4100,29.9200,1.799961
FILLER_9_18,VPWR,li1,14.0300,29.9200,1.799961
FILLER_9_15,VPWR,li1,12.6500,29.9200,1.799961
FILLER_9_12,VPWR,li1,11.2700,29.9200,1.799961
FILLER_9_9,VPWR,li1,9.8900,29.9200,1.799961
FILLER_9_6,VPWR,li1,8.5100,29.9200,1.799961
FILLER_9_3,VPWR,li1,7.1300,29.9200,1.799961
FILLER_8_116,VPWR,li1,59.1100,29.9200,1.799844
FILLER_8_113,VPWR,li1,57.7300,29.9200,1.799845
FILLER_8_110,VPWR,li1,56.3500,29.9200,1.799845
FILLER_8_107,VPWR,li1,54.9700,29.9200,1.799845
FILLER_8_104,VPWR,li1,53.5900,29.9200,1.799846
FILLER_8_101,VPWR,li1,52.2100,29.9200,1.799846
FILLER_8_98,VPWR,li1,50.8300,29.9200,1.799855
FILLER_8_95,VPWR,li1,49.4500,29.9200,1.799855
FILLER_8_85,VPWR,li1,44.6200,29.9200,1.799875
FILLER_8_75,VPWR,li1,39.7900,29.9200,1.799894
FILLER_8_72,VPWR,li1,38.8700,29.9200,1.799894
FILLER_8_64,VPWR,li1,34.7300,29.9200,1.799913
FILLER_8_61,VPWR,li1,33.8100,29.9200,1.799913
FILLER_8_58,VPWR,li1,32.4300,29.9200,1.799920
FILLER_8_55,VPWR,li1,31.0500,29.9200,1.799928
FILLER_8_52,VPWR,li1,29.6700,29.9200,1.799928
FILLER_8_49,VPWR,li1,28.2900,29.9200,1.799935
FILLER_8_32,VPWR,li1,20.0100,29.9200,1.799961
FILLER_8_29,VPWR,li1,19.0900,29.9200,1.799961
FILLER_8_27,VPWR,li1,17.7100,29.9200,1.799961
FILLER_8_24,VPWR,li1,16.7900,29.9200,1.799961
FILLER_8_21,VPWR,li1,15.4100,29.9200,1.799961
FILLER_8_18,VPWR,li1,14.0300,29.9200,1.799961
FILLER_8_15,VPWR,li1,12.6500,29.9200,1.799961
FILLER_8_12,VPWR,li1,11.2700,29.9200,1.799961
FILLER_8_9,VPWR,li1,9.8900,29.9200,1.799961
FILLER_8_6,VPWR,li1,8.5100,29.9200,1.799961
FILLER_8_3,VPWR,li1,7.1300,29.9200,1.799961
FILLER_7_125,VPWR,li1,63.0200,24.4800,1.799945
FILLER_7_122,VPWR,li1,61.8700,24.4800,1.799945
FILLER_7_119,VPWR,li1,60.4900,24.4800,1.799945
FILLER_7_116,VPWR,li1,59.1100,24.4800,1.799945
FILLER_7_113,VPWR,li1,57.7300,24.4800,1.799945
FILLER_7_109,VPWR,li1,55.8900,24.4800,1.799945
FILLER_7_106,VPWR,li1,54.5100,24.4800,1.799945
FILLER_7_103,VPWR,li1,53.1300,24.4800,1.799945
FILLER_7_100,VPWR,li1,51.7500,24.4800,1.799945
FILLER_7_81,VPWR,li1,42.7800,24.4800,1.799953
FILLER_7_78,VPWR,li1,41.6300,24.4800,1.799953
FILLER_7_60,VPWR,li1,32.8900,24.4800,1.799966
FILLER_7_57,VPWR,li1,31.9700,24.4800,1.799969
FILLER_7_54,VPWR,li1,30.3600,24.4800,1.799969
FILLER_7_42,VPWR,li1,24.8400,24.4800,1.799978
FILLER_7_39,VPWR,li1,23.6900,24.4800,1.799981
FILLER_7_36,VPWR,li1,22.3100,24.4800,1.799984
FILLER_7_33,VPWR,li1,20.9300,24.4800,1.799984
FILLER_7_30,VPWR,li1,19.5500,24.4800,1.799984
FILLER_7_27,VPWR,li1,18.1700,24.4800,1.799984
FILLER_7_24,VPWR,li1,16.7900,24.4800,1.799984
FILLER_7_21,VPWR,li1,15.4100,24.4800,1.799984
FILLER_7_18,VPWR,li1,14.0300,24.4800,1.799984
FILLER_7_15,VPWR,li1,12.6500,24.4800,1.799984
FILLER_7_12,VPWR,li1,11.2700,24.4800,1.799984
FILLER_7_9,VPWR,li1,9.8900,24.4800,1.799984
FILLER_7_6,VPWR,li1,8.5100,24.4800,1.799984
FILLER_7_3,VPWR,li1,7.1300,24.4800,1.799984
FILLER_6_124,VPWR,li1,62.7900,24.4800,1.799945
FILLER_6_121,VPWR,li1,61.4100,24.4800,1.799945
FILLER_6_118,VPWR,li1,60.0300,24.4800,1.799945
FILLER_6_115,VPWR,li1,58.6500,24.4800,1.799945
FILLER_6_112,VPWR,li1,57.2700,24.4800,1.799945
FILLER_6_109,VPWR,li1,55.8900,24.4800,1.799945
FILLER_6_106,VPWR,li1,54.5100,24.4800,1.799945
FILLER_6_88,VPWR,li1,45.7700,24.4800,1.799948
FILLER_6_85,VPWR,li1,44.8500,24.4800,1.799950
FILLER_6_82,VPWR,li1,43.2400,24.4800,1.799953
FILLER_6_79,VPWR,li1,42.0900,24.4800,1.799953
FILLER_6_69,VPWR,li1,37.2600,24.4800,1.799959
FILLER_6_66,VPWR,li1,36.1100,24.4800,1.799963
FILLER_6_63,VPWR,li1,34.7300,24.4800,1.799963
FILLER_6_60,VPWR,li1,33.3500,24.4800,1.799966
FILLER_6_57,VPWR,li1,31.9700,24.4800,1.799969
FILLER_6_54,VPWR,li1,30.5900,24.4800,1.799969
FILLER_6_51,VPWR,li1,29.2100,24.4800,1.799974
FILLER_6_48,VPWR,li1,27.8300,24.4800,1.799974
FILLER_6_35,VPWR,li1,21.3900,24.4800,1.799984
FILLER_6_32,VPWR,li1,20.4700,24.4800,1.799984
FILLER_6_29,VPWR,li1,19.0900,24.4800,1.799984
FILLER_6_27,VPWR,li1,17.7100,24.4800,1.799984
FILLER_6_24,VPWR,li1,16.7900,24.4800,1.799984
FILLER_6_21,VPWR,li1,15.4100,24.4800,1.799984
FILLER_6_18,VPWR,li1,14.0300,24.4800,1.799984
FILLER_6_15,VPWR,li1,12.6500,24.4800,1.799984
FILLER_6_12,VPWR,li1,11.2700,24.4800,1.799984
FILLER_6_9,VPWR,li1,9.8900,24.4800,1.799984
FILLER_6_6,VPWR,li1,8.5100,24.4800,1.799984
FILLER_6_3,VPWR,li1,7.1300,24.4800,1.799984
FILLER_5_125,VPWR,li1,63.0200,19.0400,1.799885
FILLER_5_122,VPWR,li1,61.8700,19.0400,1.799885
FILLER_5_119,VPWR,li1,60.4900,19.0400,1.799885
FILLER_5_116,VPWR,li1,59.1100,19.0400,1.799885
FILLER_5_113,VPWR,li1,57.7300,19.0400,1.799885
FILLER_5_110,VPWR,li1,56.1200,19.0400,1.799885
FILLER_5_107,VPWR,li1,54.9700,19.0400,1.799885
FILLER_5_104,VPWR,li1,53.5900,19.0400,1.799885
FILLER_5_101,VPWR,li1,52.2100,19.0400,1.799891
FILLER_5_98,VPWR,li1,50.8300,19.0400,1.799891
FILLER_5_87,VPWR,li1,45.7700,19.0400,1.799907
FILLER_5_84,VPWR,li1,44.3900,19.0400,1.799912
FILLER_5_81,VPWR,li1,43.0100,19.0400,1.799912
FILLER_5_78,VPWR,li1,41.6300,19.0400,1.799917
FILLER_5_75,VPWR,li1,40.2500,19.0400,1.799923
FILLER_5_72,VPWR,li1,38.8700,19.0400,1.799923
FILLER_5_69,VPWR,li1,37.4900,19.0400,1.799928
FILLER_5_66,VPWR,li1,36.1100,19.0400,1.799935
FILLER_5_63,VPWR,li1,34.7300,19.0400,1.799935
FILLER_5_60,VPWR,li1,33.3500,19.0400,1.799940
FILLER_5_57,VPWR,li1,31.9700,19.0400,1.799945
FILLER_5_54,VPWR,li1,30.3600,19.0400,1.799950
FILLER_5_51,VPWR,li1,29.2100,19.0400,1.799950
FILLER_5_48,VPWR,li1,27.8300,19.0400,1.799955
FILLER_5_45,VPWR,li1,26.4500,19.0400,1.799961
FILLER_5_42,VPWR,li1,25.0700,19.0400,1.799961
FILLER_5_39,VPWR,li1,23.6900,19.0400,1.799966
FILLER_5_36,VPWR,li1,22.3100,19.0400,1.799973
FILLER_5_33,VPWR,li1,20.9300,19.0400,1.799973
FILLER_5_30,VPWR,li1,19.5500,19.0400,1.799973
FILLER_5_27,VPWR,li1,18.1700,19.0400,1.799973
FILLER_5_24,VPWR,li1,16.7900,19.0400,1.799973
FILLER_5_21,VPWR,li1,15.4100,19.0400,1.799973
FILLER_5_18,VPWR,li1,14.0300,19.0400,1.799973
FILLER_5_15,VPWR,li1,12.6500,19.0400,1.799973
FILLER_5_12,VPWR,li1,11.2700,19.0400,1.799973
FILLER_5_9,VPWR,li1,9.8900,19.0400,1.799973
FILLER_5_6,VPWR,li1,8.5100,19.0400,1.799973
FILLER_5_3,VPWR,li1,7.1300,19.0400,1.799973
FILLER_4_126,VPWR,li1,63.2500,19.0400,1.799885
FILLER_4_123,VPWR,li1,62.3300,19.0400,1.799885
FILLER_4_120,VPWR,li1,60.9500,19.0400,1.799885
FILLER_4_117,VPWR,li1,59.5700,19.0400,1.799885
FILLER_4_114,VPWR,li1,58.1900,19.0400,1.799885
FILLER_4_91,VPWR,li1,47.6100,19.0400,1.799899
FILLER_4_88,VPWR,li1,46.2300,19.0400,1.799907
FILLER_4_85,VPWR,li1,44.8500,19.0400,1.799907
FILLER_4_83,VPWR,li1,43.4700,19.0400,1.799912
FILLER_4_80,VPWR,li1,42.5500,19.0400,1.799917
FILLER_4_77,VPWR,li1,41.1700,19.0400,1.799917
FILLER_4_74,VPWR,li1,39.7900,19.0400,1.799923
FILLER_4_71,VPWR,li1,38.4100,19.0400,1.799928
FILLER_4_68,VPWR,li1,37.0300,19.0400,1.799928
FILLER_4_65,VPWR,li1,35.6500,19.0400,1.799935
FILLER_4_62,VPWR,li1,34.2700,19.0400,1.799940
FILLER_4_59,VPWR,li1,32.8900,19.0400,1.799940
FILLER_4_56,VPWR,li1,31.5100,19.0400,1.799945
FILLER_4_53,VPWR,li1,30.1300,19.0400,1.799950
FILLER_4_50,VPWR,li1,28.7500,19.0400,1.799955
FILLER_4_47,VPWR,li1,27.3700,19.0400,1.799955
FILLER_4_44,VPWR,li1,25.9900,19.0400,1.799961
FILLER_4_41,VPWR,li1,24.6100,19.0400,1.799966
FILLER_4_38,VPWR,li1,23.2300,19.0400,1.799966
FILLER_4_35,VPWR,li1,21.8500,19.0400,1.799973
FILLER_4_32,VPWR,li1,20.4700,19.0400,1.799973
FILLER_4_29,VPWR,li1,19.0900,19.0400,1.799973
FILLER_4_27,VPWR,li1,17.7100,19.0400,1.799973
FILLER_4_24,VPWR,li1,16.7900,19.0400,1.799973
FILLER_4_21,VPWR,li1,15.4100,19.0400,1.799973
FILLER_4_18,VPWR,li1,14.0300,19.0400,1.799973
FILLER_4_15,VPWR,li1,12.6500,19.0400,1.799973
FILLER_4_12,VPWR,li1,11.2700,19.0400,1.799973
FILLER_4_9,VPWR,li1,9.8900,19.0400,1.799973
FILLER_4_6,VPWR,li1,8.5100,19.0400,1.799973
FILLER_4_3,VPWR,li1,7.1300,19.0400,1.799973
FILLER_3_125,VPWR,li1,63.0200,13.6000,1.800000
FILLER_3_122,VPWR,li1,61.8700,13.6000,1.800000
FILLER_3_119,VPWR,li1,60.4900,13.6000,1.800000
FILLER_3_116,VPWR,li1,59.1100,13.6000,1.800000
FILLER_3_113,VPWR,li1,57.7300,13.6000,1.800000
FILLER_3_111,VPWR,li1,56.3500,13.6000,1.800000
FILLER_3_108,VPWR,li1,55.4300,13.6000,1.800000
FILLER_3_105,VPWR,li1,54.0500,13.6000,1.800000
FILLER_3_102,VPWR,li1,52.6700,13.6000,1.800000
FILLER_3_99,VPWR,li1,51.2900,13.6000,1.800000
FILLER_3_96,VPWR,li1,49.9100,13.6000,1.800000
FILLER_3_93,VPWR,li1,48.5300,13.6000,1.800000
FILLER_3_90,VPWR,li1,47.1500,13.6000,1.800000
FILLER_3_87,VPWR,li1,45.7700,13.6000,1.800000
FILLER_3_84,VPWR,li1,44.3900,13.6000,1.800000
FILLER_3_81,VPWR,li1,43.0100,13.6000,1.800000
FILLER_3_78,VPWR,li1,41.6300,13.6000,1.800000
FILLER_3_75,VPWR,li1,40.2500,13.6000,1.800000
FILLER_3_72,VPWR,li1,38.8700,13.6000,1.800000
FILLER_3_69,VPWR,li1,37.4900,13.6000,1.800000
FILLER_3_66,VPWR,li1,36.1100,13.6000,1.800000
FILLER_3_63,VPWR,li1,34.7300,13.6000,1.800000
FILLER_3_60,VPWR,li1,33.3500,13.6000,1.800000
FILLER_3_57,VPWR,li1,31.9700,13.6000,1.800000
FILLER_3_54,VPWR,li1,30.3600,13.6000,1.800000
FILLER_3_51,VPWR,li1,29.2100,13.6000,1.800000
FILLER_3_48,VPWR,li1,27.8300,13.6000,1.800000
FILLER_3_45,VPWR,li1,26.4500,13.6000,1.800000
FILLER_3_42,VPWR,li1,25.0700,13.6000,1.800000
FILLER_3_39,VPWR,li1,23.6900,13.6000,1.800000
FILLER_3_36,VPWR,li1,22.3100,13.6000,1.800000
FILLER_3_33,VPWR,li1,20.9300,13.6000,1.800000
FILLER_3_30,VPWR,li1,19.5500,13.6000,1.800000
FILLER_3_27,VPWR,li1,18.1700,13.6000,1.800000
FILLER_3_24,VPWR,li1,16.7900,13.6000,1.800000
FILLER_3_21,VPWR,li1,15.4100,13.6000,1.800000
FILLER_3_18,VPWR,li1,14.0300,13.6000,1.800000
FILLER_3_15,VPWR,li1,12.6500,13.6000,1.800000
FILLER_3_12,VPWR,li1,11.2700,13.6000,1.800000
FILLER_3_9,VPWR,li1,9.8900,13.6000,1.800000
FILLER_3_6,VPWR,li1,8.5100,13.6000,1.800000
FILLER_3_3,VPWR,li1,7.1300,13.6000,1.800000
FILLER_2_124,VPWR,li1,62.7900,13.6000,1.800000
FILLER_2_121,VPWR,li1,61.4100,13.6000,1.800000
FILLER_2_118,VPWR,li1,60.0300,13.6000,1.800000
FILLER_2_115,VPWR,li1,58.6500,13.6000,1.800000
FILLER_2_112,VPWR,li1,57.2700,13.6000,1.800000
FILLER_2_109,VPWR,li1,55.8900,13.6000,1.800000
FILLER_2_106,VPWR,li1,54.5100,13.6000,1.800000
FILLER_2_103,VPWR,li1,53.1300,13.6000,1.800000
FILLER_2_100,VPWR,li1,51.7500,13.6000,1.800000
FILLER_2_97,VPWR,li1,50.3700,13.6000,1.800000
FILLER_2_94,VPWR,li1,48.9900,13.6000,1.800000
FILLER_2_91,VPWR,li1,47.6100,13.6000,1.800000
FILLER_2_88,VPWR,li1,46.2300,13.6000,1.800000
FILLER_2_85,VPWR,li1,44.8500,13.6000,1.800000
FILLER_2_83,VPWR,li1,43.4700,13.6000,1.800000
FILLER_2_80,VPWR,li1,42.5500,13.6000,1.800000
FILLER_2_77,VPWR,li1,41.1700,13.6000,1.800000
FILLER_2_74,VPWR,li1,39.7900,13.6000,1.800000
FILLER_2_71,VPWR,li1,38.4100,13.6000,1.800000
FILLER_2_68,VPWR,li1,37.0300,13.6000,1.800000
FILLER_2_65,VPWR,li1,35.6500,13.6000,1.800000
FILLER_2_62,VPWR,li1,34.2700,13.6000,1.800000
FILLER_2_59,VPWR,li1,32.8900,13.6000,1.800000
FILLER_2_56,VPWR,li1,31.5100,13.6000,1.800000
FILLER_2_53,VPWR,li1,30.1300,13.6000,1.800000
FILLER_2_50,VPWR,li1,28.7500,13.6000,1.800000
FILLER_2_47,VPWR,li1,27.3700,13.6000,1.800000
FILLER_2_44,VPWR,li1,25.9900,13.6000,1.800000
FILLER_2_41,VPWR,li1,24.6100,13.6000,1.800000
FILLER_2_38,VPWR,li1,23.2300,13.6000,1.800000
FILLER_2_35,VPWR,li1,21.8500,13.6000,1.800000
FILLER_2_32,VPWR,li1,20.4700,13.6000,1.800000
FILLER_2_29,VPWR,li1,19.0900,13.6000,1.800000
FILLER_2_27,VPWR,li1,17.7100,13.6000,1.800000
FILLER_2_24,VPWR,li1,16.7900,13.6000,1.800000
FILLER_2_21,VPWR,li1,15.4100,13.6000,1.800000
FILLER_2_18,VPWR,li1,14.0300,13.6000,1.800000
FILLER_2_15,VPWR,li1,12.6500,13.6000,1.800000
FILLER_2_12,VPWR,li1,11.2700,13.6000,1.800000
FILLER_2_9,VPWR,li1,9.8900,13.6000,1.800000
FILLER_2_6,VPWR,li1,8.5100,13.6000,1.800000
FILLER_2_3,VPWR,li1,7.1300,13.6000,1.800000
FILLER_1_125,VPWR,li1,63.0200,8.1600,1.799994
FILLER_1_122,VPWR,li1,61.8700,8.1600,1.799994
FILLER_1_119,VPWR,li1,60.4900,8.1600,1.799994
FILLER_1_116,VPWR,li1,59.1100,8.1600,1.799994
FILLER_1_113,VPWR,li1,57.7300,8.1600,1.799994
FILLER_1_111,VPWR,li1,56.3500,8.1600,1.799994
FILLER_1_108,VPWR,li1,55.4300,8.1600,1.799994
FILLER_1_105,VPWR,li1,54.0500,8.1600,1.799994
FILLER_1_102,VPWR,li1,52.6700,8.1600,1.799994
FILLER_1_99,VPWR,li1,51.2900,8.1600,1.799994
FILLER_1_96,VPWR,li1,49.9100,8.1600,1.799994
FILLER_1_93,VPWR,li1,48.5300,8.1600,1.799994
FILLER_1_90,VPWR,li1,47.1500,8.1600,1.799994
FILLER_1_87,VPWR,li1,45.7700,8.1600,1.799994
FILLER_1_84,VPWR,li1,44.3900,8.1600,1.799994
FILLER_1_81,VPWR,li1,43.0100,8.1600,1.799994
FILLER_1_78,VPWR,li1,41.6300,8.1600,1.799994
FILLER_1_75,VPWR,li1,40.2500,8.1600,1.799994
FILLER_1_72,VPWR,li1,38.8700,8.1600,1.799994
FILLER_1_66,VPWR,li1,36.1100,8.1600,1.799994
FILLER_1_63,VPWR,li1,34.7300,8.1600,1.799994
FILLER_1_60,VPWR,li1,33.3500,8.1600,1.799994
FILLER_1_57,VPWR,li1,31.9700,8.1600,1.799995
FILLER_1_55,VPWR,li1,30.5900,8.1600,1.799995
FILLER_1_52,VPWR,li1,29.6700,8.1600,1.799995
FILLER_1_42,VPWR,li1,24.8400,8.1600,1.799996
FILLER_1_39,VPWR,li1,23.6900,8.1600,1.799996
FILLER_1_36,VPWR,li1,22.3100,8.1600,1.799997
FILLER_1_33,VPWR,li1,20.9300,8.1600,1.799997
FILLER_1_30,VPWR,li1,19.5500,8.1600,1.799997
FILLER_1_27,VPWR,li1,18.1700,8.1600,1.799997
FILLER_1_24,VPWR,li1,16.7900,8.1600,1.799997
FILLER_1_21,VPWR,li1,15.4100,8.1600,1.799997
FILLER_1_18,VPWR,li1,14.0300,8.1600,1.799997
FILLER_1_15,VPWR,li1,12.6500,8.1600,1.799997
FILLER_1_12,VPWR,li1,11.2700,8.1600,1.799997
FILLER_1_9,VPWR,li1,9.8900,8.1600,1.799997
FILLER_1_6,VPWR,li1,8.5100,8.1600,1.799997
FILLER_1_3,VPWR,li1,7.1300,8.1600,1.799997
FILLER_0_125,VPWR,li1,63.0200,8.1600,1.799994
FILLER_0_122,VPWR,li1,61.8700,8.1600,1.799994
FILLER_0_119,VPWR,li1,60.4900,8.1600,1.799994
FILLER_0_116,VPWR,li1,59.1100,8.1600,1.799994
FILLER_0_113,VPWR,li1,57.7300,8.1600,1.799994
FILLER_0_109,VPWR,li1,55.8900,8.1600,1.799994
FILLER_0_106,VPWR,li1,54.5100,8.1600,1.799994
FILLER_0_103,VPWR,li1,53.1300,8.1600,1.799994
FILLER_0_100,VPWR,li1,51.7500,8.1600,1.799994
FILLER_0_97,VPWR,li1,50.3700,8.1600,1.799994
FILLER_0_94,VPWR,li1,48.9900,8.1600,1.799994
FILLER_0_91,VPWR,li1,47.6100,8.1600,1.799994
FILLER_0_88,VPWR,li1,46.2300,8.1600,1.799994
FILLER_0_85,VPWR,li1,44.8500,8.1600,1.799994
FILLER_0_83,VPWR,li1,43.4700,8.1600,1.799994
FILLER_0_80,VPWR,li1,42.5500,8.1600,1.799994
FILLER_0_71,VPWR,li1,37.9500,8.1600,1.799994
FILLER_0_68,VPWR,li1,37.0300,8.1600,1.799994
FILLER_0_65,VPWR,li1,35.6500,8.1600,1.799994
FILLER_0_54,VPWR,li1,30.3600,8.1600,1.799995
FILLER_0_44,VPWR,li1,25.7600,8.1600,1.799996
FILLER_0_41,VPWR,li1,24.6100,8.1600,1.799996
FILLER_0_38,VPWR,li1,23.2300,8.1600,1.799996
FILLER_0_35,VPWR,li1,21.8500,8.1600,1.799997
FILLER_0_32,VPWR,li1,20.4700,8.1600,1.799997
FILLER_0_29,VPWR,li1,19.0900,8.1600,1.799997
FILLER_0_27,VPWR,li1,17.7100,8.1600,1.799997
FILLER_0_24,VPWR,li1,16.7900,8.1600,1.799997
FILLER_0_21,VPWR,li1,15.4100,8.1600,1.799997
FILLER_0_18,VPWR,li1,14.0300,8.1600,1.799997
FILLER_0_15,VPWR,li1,12.6500,8.1600,1.799997
FILLER_0_12,VPWR,li1,11.2700,8.1600,1.799997
FILLER_0_9,VPWR,li1,9.8900,8.1600,1.799997
FILLER_0_6,VPWR,li1,8.5100,8.1600,1.799997
FILLER_0_3,VPWR,li1,7.1300,8.1600,1.799997
hold19,VPWR,li1,48.3000,19.0400,1.799899
hold18,VPWR,li1,46.0000,46.2400,1.799996
hold17,VPWR,li1,49.6800,35.3600,1.799963
hold16,VPWR,li1,46.9200,29.9200,1.799868
hold15,VPWR,li1,41.8600,29.9200,1.799883
hold14,VPWR,li1,43.7000,35.3600,1.799968
hold13,VPWR,li1,46.0000,35.3600,1.799966
clkbuf_1_1__f_clk,VPWR,li1,49.6800,40.8000,1.799861
clkbuf_1_0__f_clk,VPWR,li1,52.9000,19.0400,1.799885
clkbuf_0_clk,VPWR,li1,51.9800,29.9200,1.799846
output12,VPWR,li1,33.1200,8.1600,1.799994
output11,VPWR,li1,61.6400,29.9200,1.799844
output10,VPWR,li1,61.6400,29.9200,1.799844
output9,VPWR,li1,61.6400,40.8000,1.799860
input8,VPWR,li1,40.0200,8.1600,1.799994
input7,VPWR,li1,8.2800,46.2400,1.799996
input6,VPWR,li1,8.2800,40.8000,1.799960
input5,VPWR,li1,8.2800,40.8000,1.799960
input4,VPWR,li1,27.1400,8.1600,1.799996
input3,VPWR,li1,28.0600,8.1600,1.799995
input2,VPWR,li1,37.2600,62.5600,1.799999
input1,VPWR,li1,8.2800,46.2400,1.799996
TAP_TAPCELL_ROW_20_87,VPWR,li1,56.8100,62.2530,1.799999
TAP_TAPCELL_ROW_20_86,VPWR,li1,43.9300,62.2530,1.799999
TAP_TAPCELL_ROW_20_85,VPWR,li1,31.0500,62.2530,1.799999
TAP_TAPCELL_ROW_20_84,VPWR,li1,18.1700,62.2530,1.800000
TAP_TAPCELL_ROW_19_83,VPWR,li1,56.8100,57.4260,1.800000
TAP_TAPCELL_ROW_19_82,VPWR,li1,31.0500,57.4260,1.800000
TAP_TAPCELL_ROW_18_81,VPWR,li1,43.9300,56.8130,1.800000
TAP_TAPCELL_ROW_18_80,VPWR,li1,18.1700,56.8130,1.800000
TAP_TAPCELL_ROW_17_79,VPWR,li1,56.8100,51.9860,1.800000
TAP_TAPCELL_ROW_17_78,VPWR,li1,31.0500,51.9860,1.800000
TAP_TAPCELL_ROW_16_77,VPWR,li1,43.9300,51.3730,1.800000
TAP_TAPCELL_ROW_16_76,VPWR,li1,18.1700,51.3730,1.800000
TAP_TAPCELL_ROW_15_75,VPWR,li1,56.8100,46.5460,1.799996
TAP_TAPCELL_ROW_15_74,VPWR,li1,31.0500,46.5460,1.799997
TAP_TAPCELL_ROW_14_73,VPWR,li1,43.9300,45.9330,1.799997
TAP_TAPCELL_ROW_14_72,VPWR,li1,18.1700,45.9330,1.799997
TAP_TAPCELL_ROW_13_71,VPWR,li1,56.8100,41.1060,1.799860
TAP_TAPCELL_ROW_13_70,VPWR,li1,31.0500,41.1060,1.799928
TAP_TAPCELL_ROW_12_69,VPWR,li1,43.9300,40.4930,1.799884
TAP_TAPCELL_ROW_12_68,VPWR,li1,18.1700,40.4930,1.799962
TAP_TAPCELL_ROW_11_67,VPWR,li1,56.8100,35.6660,1.799963
TAP_TAPCELL_ROW_11_66,VPWR,li1,31.0500,35.6660,1.799979
TAP_TAPCELL_ROW_10_65,VPWR,li1,43.9300,35.0530,1.799968
TAP_TAPCELL_ROW_10_64,VPWR,li1,18.1700,35.0530,1.799989
TAP_TAPCELL_ROW_9_63,VPWR,li1,56.8100,30.2260,1.799845
TAP_TAPCELL_ROW_9_62,VPWR,li1,31.0500,30.2260,1.799928
TAP_TAPCELL_ROW_8_61,VPWR,li1,43.9300,29.6130,1.799875
TAP_TAPCELL_ROW_8_60,VPWR,li1,18.1700,29.6130,1.799961
TAP_TAPCELL_ROW_7_59,VPWR,li1,56.8100,24.7860,1.799945
TAP_TAPCELL_ROW_7_58,VPWR,li1,31.0500,24.7860,1.799969
TAP_TAPCELL_ROW_6_57,VPWR,li1,43.9300,24.1730,1.799950
TAP_TAPCELL_ROW_6_56,VPWR,li1,18.1700,24.1730,1.799984
TAP_TAPCELL_ROW_5_55,VPWR,li1,56.8100,19.3460,1.799885
TAP_TAPCELL_ROW_5_54,VPWR,li1,31.0500,19.3460,1.799945
TAP_TAPCELL_ROW_4_53,VPWR,li1,43.9300,18.7330,1.799912
TAP_TAPCELL_ROW_4_52,VPWR,li1,18.1700,18.7330,1.799973
TAP_TAPCELL_ROW_3_51,VPWR,li1,56.8100,13.9060,1.800000
TAP_TAPCELL_ROW_3_50,VPWR,li1,31.0500,13.9060,1.800000
TAP_TAPCELL_ROW_2_49,VPWR,li1,43.9300,13.2930,1.800000
TAP_TAPCELL_ROW_2_48,VPWR,li1,18.1700,13.2930,1.800000
TAP_TAPCELL_ROW_1_47,VPWR,li1,56.8100,8.4660,1.799994
TAP_TAPCELL_ROW_1_46,VPWR,li1,31.0500,8.4660,1.799995
TAP_TAPCELL_ROW_0_45,VPWR,li1,56.8100,7.8530,1.799994
TAP_TAPCELL_ROW_0_44,VPWR,li1,43.9300,7.8530,1.799994
TAP_TAPCELL_ROW_0_43,VPWR,li1,31.0500,7.8530,1.799995
TAP_TAPCELL_ROW_0_42,VPWR,li1,18.1700,7.8530,1.799997
PHY_EDGE_ROW_20_Left_41,VPWR,li1,5.7500,62.5600,1.800000
PHY_EDGE_ROW_19_Left_40,VPWR,li1,5.7500,57.1200,1.800000
PHY_EDGE_ROW_18_Left_39,VPWR,li1,5.7500,57.1200,1.800000
PHY_EDGE_ROW_17_Left_38,VPWR,li1,5.7500,51.6800,1.800000
PHY_EDGE_ROW_16_Left_37,VPWR,li1,5.7500,51.6800,1.800000
PHY_EDGE_ROW_15_Left_36,VPWR,li1,5.7500,46.2400,1.799996
PHY_EDGE_ROW_14_Left_35,VPWR,li1,5.7500,46.2400,1.799996
PHY_EDGE_ROW_13_Left_34,VPWR,li1,5.7500,40.8000,1.799960
PHY_EDGE_ROW_12_Left_33,VPWR,li1,5.7500,40.8000,1.799960
PHY_EDGE_ROW_11_Left_32,VPWR,li1,5.7500,35.3600,1.799989
PHY_EDGE_ROW_10_Left_31,VPWR,li1,5.7500,35.3600,1.799989
PHY_EDGE_ROW_9_Left_30,VPWR,li1,5.7500,29.9200,1.799961
PHY_EDGE_ROW_8_Left_29,VPWR,li1,5.7500,29.9200,1.799961
PHY_EDGE_ROW_7_Left_28,VPWR,li1,5.7500,24.4800,1.799984
PHY_EDGE_ROW_6_Left_27,VPWR,li1,5.7500,24.4800,1.799984
PHY_EDGE_ROW_5_Left_26,VPWR,li1,5.7500,19.0400,1.799973
PHY_EDGE_ROW_4_Left_25,VPWR,li1,5.7500,19.0400,1.799973
PHY_EDGE_ROW_3_Left_24,VPWR,li1,5.7500,13.6000,1.800000
PHY_EDGE_ROW_2_Left_23,VPWR,li1,5.7500,13.6000,1.800000
PHY_EDGE_ROW_1_Left_22,VPWR,li1,5.7500,8.1600,1.799997
PHY_EDGE_ROW_0_Left_21,VPWR,li1,5.7500,8.1600,1.799997
PHY_EDGE_ROW_20_Right_20,VPWR,li1,64.1700,62.5600,1.799999
PHY_EDGE_ROW_19_Right_19,VPWR,li1,64.1700,57.1200,1.800000
PHY_EDGE_ROW_18_Right_18,VPWR,li1,64.1700,57.1200,1.800000
PHY_EDGE_ROW_17_Right_17,VPWR,li1,64.1700,51.6800,1.800000
PHY_EDGE_ROW_16_Right_16,VPWR,li1,64.1700,51.6800,1.800000
PHY_EDGE_ROW_15_Right_15,VPWR,li1,64.1700,46.2400,1.799996
PHY_EDGE_ROW_14_Right_14,VPWR,li1,64.1700,46.2400,1.799996
PHY_EDGE_ROW_13_Right_13,VPWR,li1,64.1700,40.8000,1.799860
PHY_EDGE_ROW_12_Right_12,VPWR,li1,64.1700,40.8000,1.799860
PHY_EDGE_ROW_11_Right_11,VPWR,li1,64.1700,35.3600,1.799963
PHY_EDGE_ROW_10_Right_10,VPWR,li1,64.1700,35.3600,1.799963
PHY_EDGE_ROW_9_Right_9,VPWR,li1,64.1700,29.9200,1.799844
PHY_EDGE_ROW_8_Right_8,VPWR,li1,64.1700,29.9200,1.799844
PHY_EDGE_ROW_7_Right_7,VPWR,li1,64.1700,24.4800,1.799945
PHY_EDGE_ROW_6_Right_6,VPWR,li1,64.1700,24.4800,1.799945
PHY_EDGE_ROW_5_Right_5,VPWR,li1,64.1700,19.0400,1.799885
PHY_EDGE_ROW_4_Right_4,VPWR,li1,64.1700,19.0400,1.799885
PHY_EDGE_ROW_3_Right_3,VPWR,li1,64.1700,13.6000,1.800000
PHY_EDGE_ROW_2_Right_2,VPWR,li1,64.1700,13.6000,1.800000
PHY_EDGE_ROW_1_Right_1,VPWR,li1,64.1700,8.1600,1.799994
PHY_EDGE_ROW_0_Right_0,VPWR,li1,64.1700,8.1600,1.799994
_43_,VPWR,li1,47.1500,24.4800,1.799948
_42_,VPWR,li1,49.9100,24.4800,1.799945
_41_,VPWR,li1,49.9100,35.3600,1.799963
_40_,VPWR,li1,49.9100,40.8000,1.799861
_39_,VPWR,li1,38.8700,24.4800,1.799959
_38_,VPWR,li1,22.0800,29.9200,1.799961
_37_,VPWR,li1,34.9600,24.4800,1.799963
_36_,VPWR,li1,23.0000,24.4800,1.799981
_35_,VPWR,li1,39.5600,24.4800,1.799956
_34_,VPWR,li1,27.6000,24.4800,1.799974
_33_,VPWR,li1,25.7600,29.9200,1.799943
_32_,VPWR,li1,25.7600,24.4800,1.799978
_31_,VPWR,li1,38.8700,40.8000,1.799902
_30_,VPWR,li1,36.5700,35.3600,1.799976
_29_,VPWR,li1,36.5700,29.9200,1.799904
_28_,VPWR,li1,35.4200,40.8000,1.799912
_27_,VPWR,li1,34.7300,40.8000,1.799912
_26_,VPWR,li1,25.3000,35.3600,1.799985
_25_,VPWR,li1,31.5100,40.8000,1.799928
_24_,VPWR,li1,22.3100,35.3600,1.799989
_23_,VPWR,li1,24.3800,40.8000,1.799952
_22_,VPWR,li1,11.5000,40.8000,1.799960
_21_,VPWR,li1,37.4900,8.1600,1.799994
_20_,VPWR,li1,27.8300,35.3600,1.799983
